{
  "conservative": {
    "feature_set": "conservative",
    "num_features": 4,
    "training_samples": 80,
    "rf_mae": 0.039024492743942554,
    "ridge_mae": 0.06426230809477268,
    "baseline_mae": 0.07948692876055091,
    "rf_improvement": 50.90451555688955,
    "ridge_improvement": 19.15361544744217,
    "training_time_rf": 0.16071772575378418,
    "training_time_ridge": 0.008875131607055664
  },
  "balanced": {
    "feature_set": "balanced",
    "num_features": 10,
    "training_samples": 80,
    "rf_mae": 0.033887118033056066,
    "ridge_mae": 0.04526922365663452,
    "baseline_mae": 0.06907480951582395,
    "rf_improvement": 50.9414238409256,
    "ridge_improvement": 34.46348390397797,
    "training_time_rf": 0.14587926864624023,
    "training_time_ridge": 0.0035326480865478516
  },
  "comprehensive": {
    "feature_set": "comprehensive",
    "num_features": 38,
    "training_samples": 80,
    "rf_mae": 0.036060651014909385,
    "ridge_mae": 0.07186398043782063,
    "baseline_mae": 0.058479519454350905,
    "rf_improvement": 38.33627336309027,
    "ridge_improvement": -22.88743325587283,
    "training_time_rf": 0.1564807891845703,
    "training_time_ridge": 0.003009796142578125
  }
}